2024-03-05 01:00:00|379.04166666667|dal
2024-03-05 02:00:00|729.83333333333|dal
2024-03-05 03:00:00|1080.625|dal
2024-03-05 04:00:00|1459.6666666667|dal
2024-03-05 05:00:00|1810.4583333333|dal
2024-03-05 06:00:00|2189.5|dal
2024-03-05 07:00:00|2540.2916666667|dal
2024-03-05 08:00:00|2919.3333333333|dal
2024-03-05 09:00:00|3298.375|dal
2024-03-05 10:00:00|3649.1666666667|dal
2024-03-05 11:00:00|4028.2083333333|dal
2024-03-05 12:00:00|4407.25|dal
2024-03-05 13:00:00|4758.0416666667|dal
2024-03-05 14:00:00|5137.0833333333|dal
2024-03-05 15:00:00|5516.125|dal
2024-03-05 16:00:00|5866.9166666667|dal
2024-03-05 17:00:00|6217.7083333333|dal
2024-03-05 18:00:00|6596.75|dal
2024-03-05 19:00:00|6947.5416666667|dal
2024-03-05 20:00:00|7298.3333333333|dal
2024-03-05 21:00:00|7649.125|dal
2024-03-05 22:00:00|7999.9166666667|dal
2024-03-05 23:00:00|8350.7083333333|dal
2024-03-06 00:00:00|8701.5|dal
2024-03-06 01:00:00|9052.2916666667|dal
2024-03-06 02:00:00|9403.0833333333|dal
2024-03-06 03:00:00|9782.125|dal
2024-03-06 04:00:00|10161.166666667|dal
2024-03-06 05:00:00|10511.958333333|dal
2024-03-06 06:00:00|10862.75|dal
2024-03-06 07:00:00|11241.791666667|dal
2024-03-06 08:00:00|11620.833333333|dal
2024-03-06 09:00:00|11999.875|dal
2024-03-06 10:00:00|12350.666666667|dal
2024-03-06 11:00:00|12729.708333333|dal
2024-03-06 12:00:00|13108.75|dal
2024-03-06 13:00:00|13459.541666667|dal
2024-03-06 14:00:00|13838.583333333|dal
2024-03-06 15:00:00|14189.375|dal
2024-03-06 16:00:00|14568.416666667|dal
2024-03-06 17:00:00|14947.458333333|dal
2024-03-06 18:00:00|15298.25|dal
2024-03-06 19:00:00|15649.041666667|dal
2024-03-06 20:00:00|16028.083333333|dal
2024-03-06 21:00:00|16407.125|dal
2024-03-06 22:00:00|16757.916666667|dal
2024-03-06 23:00:00|17108.708333333|dal
2024-03-07 00:00:00|17459.5|dal
2024-03-07 01:00:00|17810.291666667|dal
2024-03-07 02:00:00|18161.083333333|dal
2024-03-07 03:00:00|18540.125|dal
2024-03-07 04:00:00|18890.916666667|dal
2024-03-07 05:00:00|19269.958333333|dal
2024-03-07 06:00:00|19649|dal
2024-03-07 07:00:00|19999.791666667|dal
2024-03-07 08:00:00|20350.583333333|dal
2024-03-07 09:00:00|20729.625|dal
2024-03-07 10:00:00|21080.416666667|dal
2024-03-07 11:00:00|21431.208333333|dal
2024-03-07 12:00:00|21782|dal
2024-03-07 13:00:00|22161.041666667|dal
2024-03-07 14:00:00|22511.833333333|dal
2024-03-07 15:00:00|22862.625|dal
2024-03-07 16:00:00|23241.666666667|dal
2024-03-07 17:00:00|23620.708333333|dal
2024-03-07 18:00:00|23971.5|dal
2024-03-07 19:00:00|24350.541666667|dal
2024-03-07 20:00:00|24729.583333333|dal
2024-03-07 21:00:00|25108.625|dal
2024-03-07 22:00:00|25459.416666667|dal
2024-03-07 23:00:00|25810.208333333|dal
2024-03-08 00:00:00|26161|dal
2024-03-08 01:00:00|26511.791666667|dal
2024-03-08 02:00:00|26890.833333333|dal
2024-03-08 03:00:00|27241.625|dal
2024-03-08 04:00:00|27592.416666667|dal
2024-03-08 05:00:00|27943.208333333|dal
2024-03-08 06:00:00|28294|dal
2024-03-08 07:00:00|28673.041666667|dal
2024-03-08 08:00:00|29052.083333333|dal
2024-03-08 09:00:00|29402.875|dal
2024-03-08 10:00:00|29781.916666667|dal
2024-03-08 11:00:00|30132.708333333|dal
2024-03-08 12:00:00|30483.5|dal
2024-03-08 13:00:00|30862.541666667|dal
2024-03-08 14:00:00|31241.583333333|dal
2024-03-08 15:00:00|31592.375|dal
2024-03-08 16:00:00|31971.416666667|dal
2024-03-08 17:00:00|32350.458333333|dal
2024-03-08 18:00:00|32729.5|dal
2024-03-08 19:00:00|33108.541666667|dal
2024-03-08 20:00:00|33459.333333333|dal
2024-03-08 21:00:00|33838.375|dal
2024-03-08 22:00:00|34189.166666667|dal
2024-03-08 23:00:00|34539.958333333|dal
2024-03-09 00:00:00|34890.75|dal
2024-03-09 01:00:00|35269.791666667|dal
2024-03-09 02:00:00|35620.583333333|dal
2024-03-09 03:00:00|35999.625|dal
2024-03-09 04:00:00|36350.416666667|dal
2024-03-09 05:00:00|36701.208333333|dal
2024-03-09 06:00:00|37052|dal
2024-03-09 07:00:00|37431.041666667|dal
2024-03-09 08:00:00|37781.833333333|dal
2024-03-09 09:00:00|38132.625|dal
2024-03-09 10:00:00|38511.666666667|dal
2024-03-09 11:00:00|38890.708333333|dal
2024-03-09 12:00:00|39241.5|dal
2024-03-09 13:00:00|39620.541666667|dal
2024-03-09 14:00:00|39999.583333333|dal
2024-03-09 15:00:00|40378.625|dal
2024-03-09 16:00:00|40757.666666667|dal
2024-03-09 17:00:00|41108.458333333|dal
2024-03-09 18:00:00|41459.25|dal
2024-03-09 19:00:00|41810.041666667|dal
2024-03-09 20:00:00|42160.833333333|dal
2024-03-09 21:00:00|42539.875|dal
2024-03-09 22:00:00|42918.916666667|dal
2024-03-09 23:00:00|43297.958333333|dal
2024-03-10 00:00:00|43677|dal
2024-03-10 01:00:00|44027.791666667|dal
2024-03-10 02:00:00|44406.833333333|dal
2024-03-10 03:00:00|44785.875|dal
2024-03-10 04:00:00|45164.916666667|dal
2024-03-10 05:00:00|45543.958333333|dal
2024-03-10 06:00:00|45923|dal
2024-03-10 07:00:00|46302.041666667|dal
2024-03-10 08:00:00|46681.083333333|dal
2024-03-10 09:00:00|47031.875|dal
2024-03-10 10:00:00|47410.916666667|dal
2024-03-10 11:00:00|47789.958333333|dal
2024-03-10 12:00:00|48169|dal
2024-03-10 13:00:00|48519.791666667|dal
2024-03-10 14:00:00|48870.583333333|dal
2024-03-10 15:00:00|49249.625|dal
2024-03-10 16:00:00|49600.416666667|dal
2024-03-10 17:00:00|49951.208333333|dal
2024-03-10 18:00:00|50330.25|dal
2024-03-10 19:00:00|50681.041666667|dal
2024-03-10 20:00:00|51060.083333333|dal
2024-03-10 21:00:00|51410.875|dal
2024-03-10 22:00:00|51761.666666667|dal
2024-03-10 23:00:00|52112.458333333|dal
2024-03-11 00:00:00|52463.25|dal
2024-03-11 01:00:00|52814.041666667|dal
2024-03-11 02:00:00|53193.083333333|dal
2024-03-11 03:00:00|53572.125|dal
2024-03-11 04:00:00|53922.916666667|dal
2024-03-11 05:00:00|54301.958333333|dal
2024-03-11 06:00:00|54652.75|dal
2024-03-11 07:00:00|55003.541666667|dal
2024-03-11 08:00:00|55382.583333333|dal
2024-03-11 09:00:00|55733.375|dal
2024-03-11 10:00:00|56084.166666667|dal
2024-03-11 11:00:00|56463.208333333|dal
2024-03-11 12:00:00|56814|dal
2024-03-11 13:00:00|57193.041666667|dal
2024-03-11 14:00:00|57543.833333333|dal
2024-03-11 15:00:00|57922.875|dal
2024-03-11 16:00:00|58301.916666667|dal
2024-03-11 17:00:00|58652.708333333|dal
2024-03-11 18:00:00|59003.5|dal
2024-03-11 19:00:00|59382.541666667|dal
2024-03-11 20:00:00|59761.583333333|dal
2024-03-11 21:00:00|60140.625|dal
2024-03-11 22:00:00|60519.666666667|dal
2024-03-11 23:00:00|60870.458333333|dal
2024-03-12 00:00:00|61249.5|dal
2024-03-12 01:00:00|61600.291666667|dal
2024-03-12 02:00:00|61979.333333333|dal
2024-03-12 03:00:00|62330.125|dal
2024-03-12 04:00:00|62709.166666667|dal
2024-03-12 05:00:00|63059.958333333|dal
2024-03-12 06:00:00|63410.75|dal
2024-03-12 07:00:00|63789.791666667|dal
2024-03-12 08:00:00|64168.833333333|dal
2024-03-12 09:00:00|64547.875|dal
2024-03-12 10:00:00|64898.666666666|dal
2024-03-12 11:00:00|65277.708333333|dal
2024-03-12 12:00:00|65628.5|dal
2024-03-12 13:00:00|66007.541666666|dal
2024-03-12 14:00:00|66358.333333333|dal
2024-03-12 15:00:00|66737.375|dal
2024-03-12 16:00:00|67088.166666667|dal
2024-03-12 17:00:00|67467.208333333|dal
2024-03-12 18:00:00|67846.25|dal
2024-03-12 19:00:00|68225.291666667|dal
2024-03-12 20:00:00|68604.333333333|dal
2024-03-12 21:00:00|68955.125|dal
2024-03-12 22:00:00|69334.166666667|dal
2024-03-12 23:00:00|69684.958333333|dal
2024-03-13 00:00:00|70064|dal
2024-03-13 01:00:00|70443.041666667|dal
2024-03-13 02:00:00|70822.083333333|dal
2024-03-13 03:00:00|71172.875|dal
2024-03-13 04:00:00|71551.916666667|dal
2024-03-13 05:00:00|71930.958333333|dal
2024-03-13 06:00:00|72281.75|dal
2024-03-13 07:00:00|72660.791666667|dal
2024-03-13 08:00:00|73011.583333333|dal
2024-03-13 09:00:00|73390.625|dal
2024-03-13 10:00:00|73769.666666667|dal
2024-03-13 11:00:00|74120.458333333|dal
2024-03-13 12:00:00|74471.25|dal
2024-03-13 13:00:00|74850.291666667|dal
2024-03-13 14:00:00|75229.333333333|dal
2024-03-13 15:00:00|75608.375|dal
2024-03-13 16:00:00|75987.416666667|dal
2024-03-13 17:00:00|76338.208333333|dal
2024-03-13 18:00:00|76717.25|dal
2024-03-13 19:00:00|77068.041666667|dal
2024-03-13 20:00:00|77447.083333333|dal
2024-03-13 21:00:00|77826.125|dal
2024-03-13 22:00:00|78176.916666667|dal
2024-03-13 23:00:00|78527.708333333|dal
2024-03-14 00:00:00|78878.5|dal
2024-03-14 01:00:00|79257.541666667|dal
2024-03-14 02:00:00|79608.333333333|dal
2024-03-14 03:00:00|79987.375|dal
2024-03-14 04:00:00|80338.166666667|dal
2024-03-14 05:00:00|80688.958333333|dal
2024-03-14 06:00:00|81068|dal
2024-03-14 07:00:00|81418.791666667|dal
2024-03-14 08:00:00|81769.583333333|dal
2024-03-14 09:00:00|82120.375|dal
2024-03-14 10:00:00|82471.166666667|dal
2024-03-14 11:00:00|82821.958333333|dal
2024-03-14 12:00:00|83201|dal
2024-03-14 13:00:00|83580.041666667|dal
2024-03-14 14:00:00|83959.083333333|dal
2024-03-14 15:00:00|84338.125|dal
2024-03-14 16:00:00|84688.916666667|dal
2024-03-14 17:00:00|85039.708333333|dal
2024-03-14 18:00:00|85390.5|dal
2024-03-14 19:00:00|85741.291666667|dal
2024-03-14 20:00:00|86120.333333333|dal
2024-03-14 21:00:00|86471.125|dal
2024-03-14 22:00:00|86850.166666667|dal
2024-03-14 23:00:00|87200.958333333|dal
2024-03-15 00:00:00|87551.75|dal
2024-03-15 01:00:00|87902.541666667|dal
2024-03-15 02:00:00|88281.583333333|dal
2024-03-15 03:00:00|88660.625|dal
2024-03-15 04:00:00|89011.416666667|dal
2024-03-15 05:00:00|89390.458333333|dal
2024-03-15 06:00:00|89741.25|dal
2024-03-15 07:00:00|90120.291666667|dal
2024-03-15 08:00:00|90471.083333333|dal
2024-03-15 09:00:00|90850.125|dal
2024-03-15 10:00:00|91200.916666667|dal
2024-03-15 11:00:00|91551.708333334|dal
2024-03-15 12:00:00|91930.75|dal
2024-03-15 13:00:00|92309.791666667|dal
2024-03-15 14:00:00|92688.833333334|dal
2024-03-15 15:00:00|93067.875|dal
2024-03-15 16:00:00|93446.916666667|dal
2024-03-15 17:00:00|93797.708333334|dal
2024-03-15 18:00:00|94148.5|dal
2024-03-15 19:00:00|94527.541666667|dal
2024-03-15 20:00:00|94878.333333334|dal
2024-03-15 21:00:00|95257.375|dal
2024-03-15 22:00:00|95608.166666667|dal
2024-03-15 23:00:00|95958.958333334|dal
2024-03-16 00:00:00|96338|dal
2024-03-16 01:00:00|96717.041666667|dal
2024-03-16 02:00:00|97067.833333334|dal
2024-03-16 03:00:00|97418.625|dal
2024-03-16 04:00:00|97797.666666667|dal
2024-03-16 05:00:00|98176.708333334|dal
2024-03-16 06:00:00|98527.5|dal
2024-03-16 07:00:00|98906.541666667|dal
2024-03-16 08:00:00|99257.333333334|dal
2024-03-16 09:00:00|99636.375|dal
2024-03-16 10:00:00|99987.166666667|dal
2024-03-16 11:00:00|100366.20833333|dal
2024-03-16 12:00:00|100745.25|dal
2024-03-16 13:00:00|101124.29166667|dal
2024-03-16 14:00:00|101503.33333333|dal
2024-03-16 15:00:00|101854.125|dal
2024-03-16 16:00:00|102233.16666667|dal
2024-03-16 17:00:00|102612.20833333|dal
2024-03-16 18:00:00|102963|dal
2024-03-16 19:00:00|103342.04166667|dal
2024-03-16 20:00:00|103692.83333333|dal
2024-03-16 21:00:00|104043.625|dal
2024-03-16 22:00:00|104394.41666667|dal
2024-03-16 23:00:00|104773.45833333|dal
2024-03-17 00:00:00|105124.25|dal
2024-03-17 01:00:00|105503.29166667|dal
2024-03-17 02:00:00|105854.08333333|dal
2024-03-17 03:00:00|106204.875|dal
2024-03-17 04:00:00|106555.66666667|dal
2024-03-17 05:00:00|106906.45833333|dal
2024-03-17 06:00:00|107257.25|dal
2024-03-17 07:00:00|107608.04166667|dal
2024-03-17 08:00:00|107987.08333333|dal
2024-03-17 09:00:00|108366.125|dal
2024-03-17 10:00:00|108716.91666667|dal
2024-03-17 11:00:00|109067.70833333|dal
2024-03-17 12:00:00|109446.75|dal
2024-03-17 13:00:00|109797.54166667|dal
2024-03-17 14:00:00|110148.33333333|dal
2024-03-17 15:00:00|110499.125|dal
2024-03-17 16:00:00|110878.16666667|dal
2024-03-17 17:00:00|111228.95833333|dal
2024-03-17 18:00:00|111608|dal
2024-03-17 19:00:00|111958.79166667|dal
2024-03-17 20:00:00|112309.58333333|dal
2024-03-17 21:00:00|112660.375|dal
2024-03-17 22:00:00|113039.41666667|dal
2024-03-17 23:00:00|113418.45833333|dal
2024-03-18 00:00:00|113797.5|dal
2024-03-18 01:00:00|114176.54166667|dal
2024-03-18 02:00:00|114555.58333333|dal
2024-03-18 03:00:00|114906.375|dal
2024-03-18 04:00:00|115285.41666667|dal
2024-03-18 05:00:00|115636.20833333|dal
2024-03-18 06:00:00|116015.25|dal
2024-03-18 07:00:00|116394.29166667|dal
2024-03-18 08:00:00|116773.33333333|dal
2024-03-18 09:00:00|117124.125|dal
2024-03-18 10:00:00|117503.16666667|dal
2024-03-18 11:00:00|117853.95833333|dal
2024-03-18 12:00:00|118233|dal
2024-03-18 13:00:00|118583.79166667|dal
2024-03-18 14:00:00|118962.83333333|dal
2024-03-18 15:00:00|119341.875|dal
2024-03-18 16:00:00|119720.91666667|dal
2024-03-18 17:00:00|120071.70833333|dal
2024-03-18 18:00:00|120422.5|dal
2024-03-18 19:00:00|120773.29166667|dal
2024-03-18 20:00:00|121152.33333333|dal
2024-03-18 21:00:00|121531.375|dal
2024-03-18 22:00:00|121910.41666667|dal
2024-03-18 23:00:00|122289.45833333|dal
2024-03-19 00:00:00|122640.25|dal
2024-03-19 01:00:00|123019.29166667|dal
2024-03-19 02:00:00|123370.08333333|dal
2024-03-19 03:00:00|123720.875|dal
2024-03-19 04:00:00|124099.91666667|dal
2024-03-19 05:00:00|124450.70833333|dal
2024-03-19 06:00:00|124829.75|dal
2024-03-19 07:00:00|125208.79166667|dal
2024-03-19 08:00:00|125587.83333333|dal
2024-03-19 09:00:00|125966.875|dal
2024-03-19 10:00:00|126345.91666667|dal
2024-03-19 11:00:00|126696.70833333|dal
2024-03-19 12:00:00|127047.5|dal
2024-03-19 13:00:00|127398.29166667|dal
2024-03-19 14:00:00|127749.08333333|dal
2024-03-19 15:00:00|128099.875|dal
2024-03-19 16:00:00|128478.91666667|dal
2024-03-19 17:00:00|128857.95833333|dal
2024-03-19 18:00:00|129237|dal
2024-03-19 19:00:00|129587.79166667|dal
2024-03-19 20:00:00|129938.58333333|dal
2024-03-19 21:00:00|130289.375|dal
2024-03-19 22:00:00|130668.41666667|dal
2024-03-19 23:00:00|131047.45833333|dal
2024-03-20 00:00:00|131398.25|dal
2024-03-20 01:00:00|131749.04166667|dal
2024-03-20 02:00:00|132099.83333333|dal
2024-03-20 03:00:00|132478.875|dal
2024-03-20 04:00:00|132829.66666667|dal
2024-03-20 05:00:00|133180.45833333|dal
2024-03-20 06:00:00|133559.5|dal
2024-03-20 07:00:00|133910.29166667|dal
2024-03-20 08:00:00|134261.08333333|dal
2024-03-20 09:00:00|134640.125|dal
2024-03-20 10:00:00|134990.91666667|dal
2024-03-20 11:00:00|135341.70833333|dal
2024-03-20 12:00:00|135692.5|dal
2024-03-20 13:00:00|136043.29166667|dal
2024-03-20 14:00:00|136394.08333333|dal
2024-03-20 15:00:00|136744.875|dal
2024-03-20 16:00:00|137095.66666667|dal
2024-03-20 17:00:00|137446.45833333|dal
2024-03-20 18:00:00|137797.25|dal
2024-03-20 19:00:00|138176.29166667|dal
2024-03-20 20:00:00|138527.08333333|dal
2024-03-20 21:00:00|138906.125|dal
2024-03-20 22:00:00|139256.91666667|dal
2024-03-20 23:00:00|139635.95833333|dal
2024-03-21 00:00:00|139986.75|dal
2024-03-21 01:00:00|140365.79166667|dal
2024-03-21 02:00:00|140744.83333333|dal
2024-03-21 03:00:00|141095.625|dal
2024-03-21 04:00:00|141446.41666667|dal
2024-03-21 05:00:00|141825.45833333|dal
2024-03-21 06:00:00|142176.25|dal
2024-03-21 07:00:00|142555.29166667|dal
2024-03-21 08:00:00|142934.33333333|dal
2024-03-21 09:00:00|143285.125|dal
2024-03-21 10:00:00|143635.91666667|dal
2024-03-21 11:00:00|144014.95833333|dal
2024-03-21 12:00:00|144365.75|dal
2024-03-21 13:00:00|144716.54166667|dal
2024-03-21 14:00:00|145095.58333333|dal
2024-03-21 15:00:00|145474.625|dal
2024-03-21 16:00:00|145853.66666667|dal
2024-03-21 17:00:00|146204.45833333|dal
2024-03-21 18:00:00|146555.25|dal
2024-03-21 19:00:00|146934.29166667|dal
2024-03-21 20:00:00|147313.33333333|dal
2024-03-21 21:00:00|147664.125|dal
2024-03-21 22:00:00|148043.16666667|dal
2024-03-21 23:00:00|148422.20833333|dal
2024-03-22 00:00:00|148801.25|dal
2024-03-22 01:00:00|149152.04166667|dal
2024-03-22 02:00:00|149502.83333333|dal
2024-03-22 03:00:00|149881.875|dal
2024-03-22 04:00:00|150260.91666667|dal
2024-03-22 05:00:00|150611.70833333|dal
2024-03-22 06:00:00|150962.5|dal
2024-03-22 07:00:00|151341.54166667|dal
2024-03-22 08:00:00|151720.58333333|dal
2024-03-22 09:00:00|152071.375|dal
2024-03-22 10:00:00|152450.41666667|dal
2024-03-22 11:00:00|152801.20833333|dal
2024-03-22 12:00:00|153180.25|dal
2024-03-22 13:00:00|153531.04166667|dal
2024-03-22 14:00:00|153910.08333333|dal
2024-03-22 15:00:00|154289.125|dal
2024-03-22 16:00:00|154639.91666667|dal
2024-03-22 17:00:00|155018.95833333|dal
2024-03-22 18:00:00|155398|dal
2024-03-22 19:00:00|155748.79166667|dal
2024-03-22 20:00:00|156127.83333333|dal
2024-03-22 21:00:00|156478.625|dal
2024-03-22 22:00:00|156857.66666667|dal
2024-03-22 23:00:00|157208.45833333|dal
2024-03-23 00:00:00|157587.5|dal
2024-03-23 01:00:00|157966.54166667|dal
2024-03-23 02:00:00|158345.58333333|dal
2024-03-23 03:00:00|158724.625|dal
2024-03-23 04:00:00|159075.41666667|dal
2024-03-23 05:00:00|159454.45833333|dal
2024-03-23 06:00:00|159805.25|dal
2024-03-23 07:00:00|160184.29166667|dal
2024-03-23 08:00:00|160535.08333333|dal
2024-03-23 09:00:00|160914.125|dal
2024-03-23 10:00:00|161264.91666667|dal
2024-03-23 11:00:00|161643.95833333|dal
2024-03-23 12:00:00|162023|dal
2024-03-23 13:00:00|162402.04166667|dal
2024-03-23 14:00:00|162781.08333333|dal
2024-03-23 15:00:00|163131.875|dal
2024-03-23 16:00:00|163482.66666667|dal
2024-03-23 17:00:00|163833.45833333|dal
2024-03-23 18:00:00|164184.25|dal
2024-03-23 19:00:00|164563.29166667|dal
2024-03-23 20:00:00|164942.33333333|dal
2024-03-23 21:00:00|165293.125|dal
2024-03-23 22:00:00|165672.16666667|dal
2024-03-23 23:00:00|166051.20833333|dal
2024-03-24 00:00:00|166402|dal
2024-03-24 01:00:00|166781.04166667|dal
2024-03-24 02:00:00|167131.83333333|dal
2024-03-24 03:00:00|167510.875|dal
2024-03-24 04:00:00|167889.91666667|dal
2024-03-24 05:00:00|168240.70833333|dal
2024-03-24 06:00:00|168619.75|dal
2024-03-24 07:00:00|168998.79166667|dal
2024-03-24 08:00:00|169377.83333333|dal
2024-03-24 09:00:00|169756.875|dal
2024-03-24 10:00:00|170135.91666667|dal
2024-03-24 11:00:00|170514.95833333|dal
2024-03-24 12:00:00|170894|dal
2024-03-24 13:00:00|171273.04166667|dal
2024-03-24 14:00:00|171652.08333333|dal
2024-03-24 15:00:00|172031.125|dal
2024-03-24 16:00:00|172381.91666667|dal
2024-03-24 17:00:00|172760.95833333|dal
2024-03-24 18:00:00|173140|dal
2024-03-24 19:00:00|173490.79166667|dal
2024-03-24 20:00:00|173841.58333333|dal
2024-03-24 21:00:00|174192.375|dal
2024-03-24 22:00:00|174543.16666667|dal
2024-03-24 23:00:00|174922.20833333|dal
2024-03-25 00:00:00|175301.25|dal
2024-03-25 01:00:00|175680.29166667|dal
2024-03-25 02:00:00|176059.33333333|dal
2024-03-25 03:00:00|176410.125|dal
2024-03-25 04:00:00|176760.91666667|dal
2024-03-25 05:00:00|177139.95833333|dal
2024-03-25 06:00:00|177490.75|dal
2024-03-25 07:00:00|177841.54166667|dal
2024-03-25 08:00:00|178192.33333333|dal
2024-03-25 09:00:00|178543.125|dal
2024-03-25 10:00:00|178922.16666667|dal
2024-03-25 11:00:00|179272.95833333|dal
2024-03-25 12:00:00|179652|dal
2024-03-25 13:00:00|180002.79166667|dal
2024-03-25 14:00:00|180353.58333333|dal
2024-03-25 15:00:00|180704.375|dal
2024-03-25 16:00:00|181055.16666667|dal
2024-03-25 17:00:00|181434.20833333|dal
2024-03-25 18:00:00|181785|dal
2024-03-25 19:00:00|182135.79166667|dal
2024-03-25 20:00:00|182486.58333333|dal
2024-03-25 21:00:00|182865.625|dal
2024-03-25 22:00:00|183216.41666667|dal
2024-03-25 23:00:00|183567.20833333|dal
2024-03-26 00:00:00|183946.25|dal
2024-03-26 01:00:00|184297.04166667|dal
2024-03-26 02:00:00|184676.08333333|dal
2024-03-26 03:00:00|185026.875|dal
2024-03-26 04:00:00|185377.66666667|dal
2024-03-26 05:00:00|185756.70833333|dal
2024-03-26 06:00:00|186107.5|dal
2024-03-26 07:00:00|186458.29166667|dal
2024-03-26 08:00:00|186837.33333333|dal
2024-03-26 09:00:00|187216.375|dal
2024-03-26 10:00:00|187595.41666667|dal
2024-03-26 11:00:00|187974.45833333|dal
2024-03-26 12:00:00|188353.5|dal
2024-03-26 13:00:00|188704.29166667|dal
2024-03-26 14:00:00|189055.08333333|dal
2024-03-26 15:00:00|189434.125|dal
2024-03-26 16:00:00|189784.91666667|dal
2024-03-26 17:00:00|190135.70833333|dal
2024-03-26 18:00:00|190514.75|dal
2024-03-26 19:00:00|190865.54166667|dal
2024-03-26 20:00:00|191216.33333333|dal
2024-03-26 21:00:00|191595.375|dal
2024-03-26 22:00:00|191974.41666667|dal
2024-03-26 23:00:00|192353.45833333|dal
2024-03-27 00:00:00|192704.25|dal
2024-03-27 01:00:00|193055.04166667|dal
2024-03-27 02:00:00|193434.08333333|dal
2024-03-27 03:00:00|193813.125|dal
2024-03-27 04:00:00|194163.91666667|dal
2024-03-27 05:00:00|194514.70833333|dal
2024-03-27 06:00:00|194865.5|dal
2024-03-27 07:00:00|195216.29166667|dal
2024-03-27 08:00:00|195595.33333333|dal
2024-03-27 09:00:00|195974.375|dal
2024-03-27 10:00:00|196353.41666667|dal
2024-03-27 11:00:00|196732.45833333|dal
2024-03-27 12:00:00|197083.25|dal
2024-03-27 13:00:00|197434.04166667|dal
2024-03-27 14:00:00|197784.83333333|dal
2024-03-27 15:00:00|198135.625|dal
2024-03-27 16:00:00|198486.41666667|dal
2024-03-27 17:00:00|198865.45833333|dal
2024-03-27 18:00:00|199216.25|dal
2024-03-27 19:00:00|199567.04166667|dal
2024-03-27 20:00:00|199946.08333333|dal
2024-03-27 21:00:00|200296.875|dal
2024-03-27 22:00:00|200647.66666667|dal
2024-03-27 23:00:00|201026.70833333|dal
2024-03-28 00:00:00|201377.5|dal
2024-03-28 01:00:00|201756.54166667|dal
2024-03-28 02:00:00|202135.58333333|dal
2024-03-28 03:00:00|202486.375|dal
2024-03-28 04:00:00|202865.41666667|dal
2024-03-28 05:00:00|203244.45833333|dal
2024-03-28 06:00:00|203623.5|dal
2024-03-28 07:00:00|203974.29166667|dal
2024-03-28 08:00:00|204353.33333333|dal
2024-03-28 09:00:00|204704.125|dal
2024-03-28 10:00:00|205083.16666667|dal
2024-03-28 11:00:00|205433.95833333|dal
2024-03-28 12:00:00|205813|dal
2024-03-28 13:00:00|206192.04166667|dal
2024-03-28 14:00:00|206571.08333333|dal
2024-03-28 15:00:00|206950.125|dal
2024-03-28 16:00:00|207329.16666667|dal
2024-03-28 17:00:00|207708.20833333|dal
2024-03-28 18:00:00|208059|dal
2024-03-28 19:00:00|208409.79166667|dal
2024-03-28 20:00:00|208788.83333333|dal
2024-03-28 21:00:00|209167.875|dal
2024-03-28 22:00:00|209546.91666667|dal
2024-03-28 23:00:00|209897.70833333|dal
2024-03-29 00:00:00|210248.5|dal
2024-03-29 01:00:00|210599.29166667|dal
2024-03-29 02:00:00|210950.08333333|dal
2024-03-29 03:00:00|211329.125|dal
2024-03-29 04:00:00|211708.16666667|dal
2024-03-29 05:00:00|212058.95833333|dal
2024-03-29 06:00:00|212409.75|dal
2024-03-29 07:00:00|212788.79166667|dal
2024-03-29 08:00:00|213167.83333333|dal
2024-03-29 09:00:00|213546.875|dal
2024-03-29 10:00:00|213925.91666667|dal
2024-03-29 11:00:00|214276.70833333|dal
2024-03-29 12:00:00|214627.5|dal
2024-03-29 13:00:00|214978.29166667|dal
2024-03-29 14:00:00|215329.08333333|dal
2024-03-29 15:00:00|215679.875|dal
2024-03-29 16:00:00|216058.91666667|dal
2024-03-29 17:00:00|216409.70833333|dal
2024-03-29 18:00:00|216760.5|dal
2024-03-29 19:00:00|217111.29166667|dal
2024-03-29 20:00:00|217462.08333333|dal
2024-03-29 21:00:00|217841.125|dal
2024-03-29 22:00:00|218191.91666667|dal
2024-03-29 23:00:00|218542.70833333|dal
2024-03-30 00:00:00|218921.75|dal
2024-03-30 01:00:00|219300.79166667|dal
2024-03-30 02:00:00|219679.83333333|dal
2024-03-30 03:00:00|220030.625|dal
2024-03-30 04:00:00|220381.41666666|dal
2024-03-30 05:00:00|220760.45833333|dal
2024-03-30 06:00:00|221139.5|dal
2024-03-30 07:00:00|221490.29166666|dal
2024-03-30 08:00:00|221869.33333333|dal
2024-03-30 09:00:00|222248.375|dal
2024-03-30 10:00:00|222627.41666666|dal
2024-03-30 11:00:00|222978.20833333|dal
2024-03-30 12:00:00|223357.25|dal
2024-03-30 13:00:00|223736.29166666|dal
2024-03-30 14:00:00|224087.08333333|dal
2024-03-30 15:00:00|224466.125|dal
2024-03-30 16:00:00|224816.91666666|dal
2024-03-30 17:00:00|225167.70833333|dal
2024-03-30 18:00:00|225518.5|dal
2024-03-30 19:00:00|225897.54166666|dal
2024-03-30 20:00:00|226248.33333333|dal
2024-03-30 21:00:00|226627.375|dal
2024-03-30 22:00:00|226978.16666666|dal
2024-03-30 23:00:00|227357.20833333|dal
2024-03-31 00:00:00|227736.25|dal
2024-03-31 01:00:00|228087.04166666|dal
2024-03-31 03:00:00|228437.83333333|dal
2024-03-31 04:00:00|228788.625|dal
2024-03-31 05:00:00|229139.41666666|dal
2024-03-31 06:00:00|229490.20833333|dal
2024-03-31 07:00:00|229869.25|dal
2024-03-31 08:00:00|230248.29166666|dal
2024-03-31 09:00:00|230599.08333333|dal
2024-03-31 10:00:00|230978.125|dal
2024-03-31 11:00:00|231328.91666666|dal
2024-03-31 12:00:00|231707.95833333|dal
2024-03-31 13:00:00|232058.75|dal
2024-03-31 14:00:00|232437.79166666|dal
2024-03-31 15:00:00|232788.58333333|dal
2024-03-31 16:00:00|233167.625|dal
2024-03-31 17:00:00|233546.66666666|dal
2024-03-31 18:00:00|233925.70833333|dal
2024-03-31 19:00:00|234276.5|dal
2024-03-31 20:00:00|234655.54166666|dal
2024-03-31 21:00:00|235034.58333333|dal
2024-03-31 22:00:00|235413.625|dal
2024-03-31 23:00:00|235792.66666666|dal
2024-04-01 00:00:00|236143.45833333|dal
2024-04-01 01:00:00|236522.5|dal
2024-04-01 02:00:00|236873.29166666|dal
2024-04-01 03:00:00|237252.33333333|dal
2024-04-01 04:00:00|237631.375|dal
2024-04-01 05:00:00|238010.41666666|dal
2024-04-01 06:00:00|238361.20833333|dal
2024-04-01 07:00:00|238712|dal
2024-04-01 08:00:00|239091.04166666|dal
2024-04-01 09:00:00|239470.08333333|dal
2024-04-01 10:00:00|239849.125|dal
2024-04-01 11:00:00|240199.91666666|dal
2024-04-01 12:00:00|240550.70833333|dal
2024-04-01 13:00:00|240901.5|dal
2024-04-01 14:00:00|241252.29166666|dal
2024-04-01 15:00:00|241631.33333333|dal
2024-04-01 16:00:00|241982.125|dal
2024-04-01 17:00:00|242332.91666666|dal
2024-04-01 18:00:00|242683.70833333|dal
2024-04-01 19:00:00|243034.5|dal
2024-04-01 20:00:00|243385.29166666|dal
2024-04-01 21:00:00|243764.33333333|dal
2024-04-01 22:00:00|244115.125|dal
2024-04-01 23:00:00|244465.91666666|dal
2024-04-02 00:00:00|244816.70833333|dal
2024-04-02 01:00:00|245195.75|dal
2024-04-02 02:00:00|245546.54166666|dal
2024-04-02 03:00:00|245925.58333333|dal
2024-04-02 04:00:00|246276.375|dal
2024-04-02 05:00:00|246627.16666666|dal
2024-04-02 06:00:00|246977.95833333|dal
2024-04-02 07:00:00|247328.75|dal
2024-04-02 08:00:00|247679.54166666|dal
2024-04-02 09:00:00|248030.33333333|dal
2024-04-02 10:00:00|248381.125|dal
2024-04-02 11:00:00|248760.16666666|dal
2024-04-02 12:00:00|249139.20833333|dal
2024-04-02 13:00:00|249518.25|dal
2024-04-02 14:00:00|249897.29166666|dal
2024-04-02 15:00:00|250248.08333333|dal
2024-04-02 16:00:00|250598.875|dal
2024-04-02 17:00:00|250977.91666666|dal
2024-04-02 18:00:00|251356.95833333|dal
2024-04-02 19:00:00|251736|dal
2024-04-02 20:00:00|252086.79166666|dal
2024-04-02 21:00:00|252465.83333333|dal
2024-04-02 22:00:00|252816.625|dal
2024-04-02 23:00:00|253167.41666666|dal
2024-04-03 00:00:00|253546.45833333|dal
2024-04-03 01:00:00|253925.5|dal
2024-04-03 02:00:00|254304.54166666|dal
2024-04-03 03:00:00|254683.58333333|dal
2024-04-03 04:00:00|255062.625|dal
2024-04-03 05:00:00|255413.41666666|dal
2024-04-03 06:00:00|255792.45833333|dal
2024-04-03 07:00:00|256143.25|dal
2024-04-03 08:00:00|256522.29166666|dal
2024-04-03 09:00:00|256873.08333333|dal
2024-04-03 10:00:00|257223.875|dal
2024-04-03 11:00:00|257602.91666666|dal
2024-04-03 12:00:00|257981.95833333|dal
2024-04-03 13:00:00|258361|dal
2024-04-03 14:00:00|258711.79166666|dal
2024-04-03 15:00:00|259062.58333333|dal
2024-04-03 16:00:00|259413.375|dal
2024-04-03 17:00:00|259764.16666666|dal
2024-04-03 18:00:00|260143.20833333|dal
2024-04-03 19:00:00|260522.25|dal
2024-04-03 20:00:00|260901.29166666|dal
2024-04-03 21:00:00|261252.08333333|dal
2024-04-03 22:00:00|261631.125|dal
2024-04-03 23:00:00|261981.91666666|dal
2024-04-04 00:00:00|262332.70833333|dal
2024-04-04 01:00:00|262683.5|dal
2024-04-04 02:00:00|263062.54166666|dal
2024-04-04 03:00:00|263413.33333333|dal
2024-04-04 04:00:00|263792.375|dal
2024-04-04 05:00:00|264171.41666666|dal
2024-04-04 06:00:00|264522.20833333|dal
2024-04-04 07:00:00|264873|dal
2024-04-04 08:00:00|265252.04166666|dal
2024-04-04 09:00:00|265631.08333333|dal
2024-04-04 10:00:00|265981.875|dal
2024-04-04 11:00:00|266360.91666666|dal
2024-04-04 12:00:00|266711.70833333|dal
2024-04-04 13:00:00|267062.5|dal
2024-04-04 14:00:00|267441.54166666|dal
2024-04-04 15:00:00|267820.58333333|dal
2024-04-04 16:00:00|268199.625|dal
2024-04-04 17:00:00|268578.66666666|dal
2024-04-04 18:00:00|268929.45833333|dal
2024-04-04 19:00:00|269308.5|dal
2024-04-04 20:00:00|269687.54166666|dal
2024-04-04 21:00:00|270038.33333333|dal
2024-04-04 22:00:00|270389.125|dal
2024-04-04 23:00:00|270739.91666666|dal
2024-04-05 00:00:00|271118.95833333|dal
2024-04-05 01:00:00|271469.75|dal
2024-04-05 02:00:00|271820.54166666|dal
2024-04-05 03:00:00|272171.33333333|dal
2024-04-05 04:00:00|272522.125|dal
2024-04-05 05:00:00|272872.91666666|dal
2024-04-05 06:00:00|273223.70833333|dal
2024-04-05 07:00:00|273574.5|dal
2024-04-05 08:00:00|273953.54166666|dal
2024-04-05 09:00:00|274332.58333333|dal
2024-04-05 10:00:00|274683.375|dal
2024-04-05 11:00:00|275034.16666666|dal
2024-04-05 12:00:00|275413.20833333|dal
2024-04-05 13:00:00|275764|dal
2024-04-05 14:00:00|276143.04166666|dal
2024-04-05 15:00:00|276522.08333333|dal
2024-04-05 16:00:00|276872.875|dal
2024-04-05 17:00:00|277223.66666666|dal
2024-04-05 18:00:00|277574.45833333|dal
2024-04-05 19:00:00|277925.25|dal
2024-04-05 20:00:00|278304.29166666|dal
2024-04-05 21:00:00|278683.33333333|dal
2024-04-05 22:00:00|279034.125|dal
2024-04-05 23:00:00|279413.16666666|dal
2024-04-06 00:00:00|279792.20833333|dal
2024-04-06 01:00:00|280143|dal
2024-04-06 02:00:00|280522.04166666|dal
2024-04-06 03:00:00|280872.83333333|dal
2024-04-06 04:00:00|281251.875|dal
2024-04-06 05:00:00|281630.91666666|dal
2024-04-06 06:00:00|281981.70833333|dal
2024-04-06 07:00:00|282360.75|dal
2024-04-06 08:00:00|282739.79166666|dal
2024-04-06 09:00:00|283090.58333333|dal
2024-04-06 10:00:00|283469.625|dal
2024-04-06 11:00:00|283848.66666667|dal
2024-04-06 12:00:00|284199.45833333|dal
2024-04-06 13:00:00|284578.5|dal
2024-04-06 14:00:00|284929.29166667|dal
2024-04-06 15:00:00|285280.08333333|dal
2024-04-06 16:00:00|285630.875|dal
2024-04-06 17:00:00|286009.91666667|dal
2024-04-06 18:00:00|286388.95833333|dal
2024-04-06 19:00:00|286739.75|dal
2024-04-06 20:00:00|287090.54166667|dal
2024-04-06 21:00:00|287441.33333333|dal
2024-04-06 22:00:00|287820.375|dal
2024-04-06 23:00:00|288199.41666667|dal
2024-04-07 00:00:00|288578.45833333|dal
2024-04-07 01:00:00|288929.25|dal
2024-04-07 02:00:00|289308.29166667|dal
2024-04-07 03:00:00|289659.08333333|dal
2024-04-07 04:00:00|290009.875|dal
2024-04-07 05:00:00|290388.91666667|dal
2024-04-07 06:00:00|290739.70833333|dal
2024-04-07 07:00:00|291090.5|dal
2024-04-07 08:00:00|291441.29166667|dal
2024-04-07 09:00:00|291820.33333333|dal
2024-04-07 10:00:00|292171.125|dal
2024-04-07 11:00:00|292521.91666667|dal
2024-04-07 12:00:00|292872.70833333|dal
2024-04-07 13:00:00|293251.75|dal
2024-04-07 14:00:00|293630.79166667|dal
2024-04-07 15:00:00|294009.83333333|dal
2024-04-07 16:00:00|294360.625|dal
2024-04-07 17:00:00|294711.41666667|dal
2024-04-07 18:00:00|295062.20833333|dal
2024-04-07 19:00:00|295413|dal
2024-04-07 20:00:00|295763.79166667|dal
2024-04-07 21:00:00|296114.58333333|dal
2024-04-07 22:00:00|296465.375|dal
2024-04-07 23:00:00|296816.16666667|dal
2024-04-08 00:00:00|297166.95833333|dal
2024-04-08 01:00:00|297546|dal
2024-04-08 02:00:00|297925.04166667|dal
2024-04-08 03:00:00|298275.83333333|dal
2024-04-08 04:00:00|298654.875|dal
2024-04-08 05:00:00|299005.66666667|dal
2024-04-08 06:00:00|299384.70833333|dal
2024-04-08 07:00:00|299735.5|dal
2024-04-08 08:00:00|300114.54166667|dal
2024-04-08 09:00:00|300493.58333333|dal
2024-04-08 10:00:00|300844.375|dal
2024-04-08 11:00:00|301223.41666667|dal
2024-04-08 12:00:00|301574.20833333|dal
2024-04-08 13:00:00|301925|dal
2024-04-08 14:00:00|302275.79166667|dal
2024-04-08 15:00:00|302626.58333333|dal
2024-04-08 16:00:00|303005.625|dal
2024-04-08 17:00:00|303356.41666667|dal
2024-04-08 18:00:00|303707.20833333|dal
2024-04-08 19:00:00|304086.25|dal
2024-04-08 20:00:00|304437.04166667|dal
2024-04-08 21:00:00|304816.08333333|dal
2024-04-08 22:00:00|305195.125|dal
2024-04-08 23:00:00|305574.16666667|dal
2024-04-09 00:00:00|305924.95833333|dal
2024-04-09 01:00:00|306304|dal
2024-04-09 02:00:00|306683.04166667|dal
2024-04-09 03:00:00|307033.83333333|dal
2024-04-09 04:00:00|307412.875|dal
2024-04-09 05:00:00|307791.91666667|dal
2024-04-09 06:00:00|308170.95833333|dal
2024-04-09 07:00:00|308521.75|dal
2024-04-09 08:00:00|308872.54166667|dal
2024-04-09 09:00:00|309223.33333333|dal
2024-04-09 10:00:00|309602.375|dal
2024-04-09 11:00:00|309953.16666667|dal
2024-04-09 12:00:00|310332.20833333|dal
2024-04-09 13:00:00|310711.25|dal
2024-04-09 14:00:00|311090.29166667|dal
2024-04-09 15:00:00|311469.33333333|dal
2024-04-09 16:00:00|311820.125|dal
2024-04-09 17:00:00|312199.16666667|dal
2024-04-09 18:00:00|312578.20833333|dal
2024-04-09 19:00:00|312929|dal
2024-04-09 20:00:00|313308.04166667|dal
2024-04-09 21:00:00|313687.08333333|dal
2024-04-09 22:00:00|314066.125|dal
2024-04-09 23:00:00|314445.16666667|dal
2024-04-10 00:00:00|314795.95833333|dal
2024-04-10 01:00:00|315175|dal
2024-04-10 02:00:00|315525.79166667|dal
2024-04-10 03:00:00|315876.58333333|dal
2024-04-10 04:00:00|316255.625|dal
2024-04-10 05:00:00|316606.41666667|dal
2024-04-10 06:00:00|316985.45833333|dal
2024-04-10 07:00:00|317364.5|dal
2024-04-10 08:00:00|317715.29166667|dal
2024-04-10 09:00:00|318066.08333333|dal
2024-04-10 10:00:00|318416.875|dal
2024-04-10 11:00:00|318795.91666667|dal
2024-04-10 12:00:00|319146.70833333|dal
2024-04-10 13:00:00|319525.75|dal
2024-04-10 14:00:00|319904.79166667|dal
2024-04-10 15:00:00|320283.83333333|dal
2024-04-10 16:00:00|320662.875|dal
2024-04-10 17:00:00|321013.66666667|dal
2024-04-10 18:00:00|321364.45833333|dal
2024-04-10 19:00:00|321715.25|dal
2024-04-10 20:00:00|322094.29166667|dal
2024-04-10 21:00:00|322445.08333333|dal
2024-04-10 22:00:00|322795.875|dal
2024-04-10 23:00:00|323146.66666667|dal
2024-04-11 00:00:00|323497.45833333|dal
2024-04-11 01:00:00|323848.25|dal
2024-04-11 02:00:00|324199.04166667|dal
2024-04-11 03:00:00|324549.83333333|dal
2024-04-11 04:00:00|324928.875|dal
2024-04-11 05:00:00|325307.91666667|dal
2024-04-11 06:00:00|325658.70833333|dal
2024-04-11 07:00:00|326009.5|dal
2024-04-11 08:00:00|326388.54166667|dal
2024-04-11 09:00:00|326767.58333333|dal
2024-04-11 10:00:00|327146.625|dal
2024-04-11 11:00:00|327525.66666667|dal
2024-04-11 12:00:00|327904.70833333|dal
2024-04-11 13:00:00|328255.5|dal
2024-04-11 14:00:00|328606.29166667|dal
2024-04-11 15:00:00|328985.33333333|dal
2024-04-11 16:00:00|329336.125|dal
2024-04-11 17:00:00|329715.16666667|dal
2024-04-11 18:00:00|330065.95833333|dal
2024-04-11 19:00:00|330445|dal
2024-04-11 20:00:00|330795.79166667|dal
2024-04-11 21:00:00|331146.58333333|dal
2024-04-11 22:00:00|331525.625|dal
2024-04-11 23:00:00|331876.41666667|dal
2024-04-12 00:00:00|332227.20833333|dal
2024-04-12 01:00:00|332578|dal
2024-04-12 02:00:00|332957.04166667|dal
2024-04-12 03:00:00|333307.83333333|dal
2024-04-12 04:00:00|333686.875|dal
2024-04-12 05:00:00|334065.91666667|dal
2024-04-12 06:00:00|334416.70833333|dal
2024-04-12 07:00:00|334767.5|dal
2024-04-12 08:00:00|335118.29166667|dal
2024-04-12 09:00:00|335497.33333333|dal
2024-04-12 10:00:00|335876.375|dal
2024-04-12 11:00:00|336227.16666667|dal
2024-04-12 12:00:00|336606.20833333|dal
2024-04-12 13:00:00|336957|dal
2024-04-12 14:00:00|337336.04166667|dal
2024-04-12 15:00:00|337715.08333333|dal
2024-04-12 16:00:00|338065.875|dal
2024-04-12 17:00:00|338444.91666667|dal
2024-04-12 18:00:00|338795.70833333|dal
2024-04-12 19:00:00|339174.75|dal
2024-04-12 20:00:00|339553.79166667|dal
2024-04-12 21:00:00|339932.83333333|dal
2024-04-12 22:00:00|340311.875|dal
2024-04-12 23:00:00|340662.66666667|dal
2024-04-13 00:00:00|341041.70833333|dal
2024-04-13 01:00:00|341392.5|dal
2024-04-13 02:00:00|341743.29166667|dal
2024-04-13 03:00:00|342122.33333333|dal
2024-04-13 04:00:00|342473.125|dal
2024-04-13 05:00:00|342852.16666667|dal
2024-04-13 06:00:00|343202.95833333|dal
2024-04-13 07:00:00|343582|dal
2024-04-13 08:00:00|343961.04166667|dal
2024-04-13 09:00:00|344311.83333333|dal
2024-04-13 10:00:00|344662.625|dal
2024-04-13 11:00:00|345041.66666667|dal
2024-04-13 12:00:00|345420.70833334|dal
2024-04-13 13:00:00|345799.75|dal
2024-04-13 14:00:00|346150.54166667|dal
2024-04-13 15:00:00|346529.58333334|dal
2024-04-13 16:00:00|346880.375|dal
2024-04-13 17:00:00|347231.16666667|dal
2024-04-13 18:00:00|347581.95833334|dal
2024-04-13 19:00:00|347932.75|dal
2024-04-13 20:00:00|348311.79166667|dal
2024-04-13 21:00:00|348662.58333334|dal
2024-04-13 22:00:00|349013.375|dal
2024-04-13 23:00:00|349392.41666667|dal
2024-04-14 00:00:00|349771.45833334|dal
2024-04-14 01:00:00|350122.25|dal
2024-04-14 02:00:00|350473.04166667|dal
2024-04-14 03:00:00|350852.08333334|dal
2024-04-14 04:00:00|351202.875|dal
2024-04-14 05:00:00|351581.91666667|dal
2024-04-14 06:00:00|351960.95833334|dal
2024-04-14 07:00:00|352311.75|dal
2024-04-14 08:00:00|352690.79166667|dal
2024-04-14 09:00:00|353041.58333334|dal
2024-04-14 10:00:00|353420.625|dal
2024-04-14 11:00:00|353771.41666667|dal
2024-04-14 12:00:00|354150.45833334|dal
2024-04-14 13:00:00|354529.5|dal
2024-04-14 14:00:00|354908.54166667|dal
2024-04-14 15:00:00|355259.33333334|dal
2024-04-14 16:00:00|355638.375|dal
2024-04-14 17:00:00|356017.41666667|dal
2024-04-14 18:00:00|356396.45833334|dal
2024-04-14 19:00:00|356775.5|dal
2024-04-14 20:00:00|357126.29166667|dal
2024-04-14 21:00:00|357505.33333334|dal
2024-04-14 22:00:00|357856.125|dal
2024-04-14 23:00:00|358206.91666667|dal
2024-04-15 00:00:00|358585.95833334|dal
2024-04-15 01:00:00|358965|dal
2024-04-15 02:00:00|359315.79166667|dal
2024-04-15 03:00:00|359666.58333334|dal
2024-04-15 04:00:00|360045.625|dal
2024-04-15 05:00:00|360396.41666667|dal
2024-04-15 06:00:00|360775.45833334|dal
2024-04-15 07:00:00|361154.5|dal
2024-04-15 08:00:00|361533.54166667|dal
2024-04-15 09:00:00|361884.33333334|dal
2024-04-15 10:00:00|362235.125|dal
2024-04-15 11:00:00|362614.16666667|dal
2024-04-15 12:00:00|362993.20833334|dal
2024-04-15 13:00:00|363344|dal
2024-04-15 14:00:00|363694.79166667|dal
2024-04-15 15:00:00|364045.58333334|dal
2024-04-15 16:00:00|364424.625|dal
2024-04-15 17:00:00|364803.66666667|dal
2024-04-15 18:00:00|365182.70833334|dal
2024-04-15 19:00:00|365533.5|dal
2024-04-15 20:00:00|365884.29166667|dal
2024-04-15 21:00:00|366235.08333334|dal
2024-04-15 22:00:00|366585.875|dal
2024-04-15 23:00:00|366964.91666667|dal
2024-04-16 00:00:00|367315.70833334|dal
2024-04-16 01:00:00|367666.5|dal
2024-04-16 02:00:00|368017.29166667|dal
2024-04-16 03:00:00|368368.08333334|dal
2024-04-16 04:00:00|368747.125|dal
2024-04-16 05:00:00|369126.16666667|dal
2024-04-16 06:00:00|369476.95833334|dal
2024-04-16 07:00:00|369827.75|dal
2024-04-16 08:00:00|370178.54166667|dal
2024-04-16 09:00:00|370557.58333334|dal
2024-04-16 10:00:00|370908.375|dal
2024-04-16 11:00:00|371287.41666667|dal
2024-04-16 12:00:00|371666.45833334|dal
2024-04-16 13:00:00|372017.25|dal
2024-04-16 14:00:00|372368.04166667|dal
2024-04-16 15:00:00|372718.83333334|dal
2024-04-16 16:00:00|373097.875|dal
2024-04-16 17:00:00|373448.66666667|dal
2024-04-16 18:00:00|373827.70833334|dal
2024-04-16 19:00:00|374206.75|dal
2024-04-16 20:00:00|374557.54166667|dal
2024-04-16 21:00:00|374936.58333334|dal
2024-04-16 22:00:00|375315.625|dal
2024-04-16 23:00:00|375666.41666667|dal
2024-04-17 00:00:00|376017.20833334|dal
2024-04-17 01:00:00|376396.25|dal
2024-04-17 02:00:00|376775.29166667|dal
2024-04-17 03:00:00|377126.08333334|dal
2024-04-17 04:00:00|377505.125|dal
2024-04-17 05:00:00|377855.91666667|dal
2024-04-17 06:00:00|378206.70833334|dal
2024-04-17 07:00:00|378557.5|dal
2024-04-17 08:00:00|378936.54166667|dal
2024-04-17 09:00:00|379315.58333334|dal
2024-04-17 10:00:00|379694.625|dal
2024-04-17 11:00:00|380045.41666667|dal
2024-04-17 12:00:00|380424.45833334|dal
2024-04-17 13:00:00|380775.25|dal
2024-04-17 14:00:00|381126.04166667|dal
2024-04-17 15:00:00|381505.08333334|dal
2024-04-17 16:00:00|381884.125|dal
2024-04-17 17:00:00|382263.16666667|dal
2024-04-17 18:00:00|382613.95833334|dal
2024-04-17 19:00:00|382993|dal
2024-04-17 20:00:00|383372.04166667|dal
2024-04-17 21:00:00|383751.08333334|dal
2024-04-17 22:00:00|384101.875|dal
2024-04-17 23:00:00|384480.91666667|dal
2024-04-18 00:00:00|384831.70833334|dal
2024-04-18 01:00:00|385182.5|dal
2024-04-18 02:00:00|385533.29166667|dal
2024-04-18 03:00:00|385884.08333334|dal
2024-04-18 04:00:00|386234.875|dal
2024-04-18 05:00:00|386585.66666667|dal
2024-04-18 06:00:00|386936.45833334|dal
2024-04-18 07:00:00|387287.25|dal
2024-04-18 08:00:00|387666.29166667|dal
2024-04-18 09:00:00|388045.33333334|dal
2024-04-18 10:00:00|388396.125|dal
2024-04-18 11:00:00|388775.16666667|dal
2024-04-18 12:00:00|389125.95833334|dal
2024-04-18 13:00:00|389476.75|dal
2024-04-18 14:00:00|389827.54166667|dal
2024-04-18 15:00:00|390178.33333334|dal
2024-04-18 16:00:00|390557.375|dal
2024-04-18 17:00:00|390936.41666667|dal
2024-04-18 18:00:00|391287.20833334|dal
2024-04-18 19:00:00|391638|dal
2024-04-18 20:00:00|391988.79166667|dal
2024-04-18 21:00:00|392367.83333334|dal
2024-04-18 22:00:00|392718.625|dal
2024-04-18 23:00:00|393069.41666667|dal
2024-04-19 00:00:00|393420.20833334|dal
2024-04-19 01:00:00|393799.25|dal
2024-04-19 02:00:00|394150.04166667|dal
2024-04-19 03:00:00|394500.83333334|dal
2024-04-19 04:00:00|394879.875|dal
2024-04-19 05:00:00|395230.66666667|dal
2024-04-19 06:00:00|395581.45833334|dal
2024-04-19 07:00:00|395932.25|dal
2024-04-19 08:00:00|396283.04166667|dal
2024-04-19 09:00:00|396662.08333334|dal
2024-04-19 10:00:00|397012.875|dal
2024-04-19 11:00:00|397363.66666667|dal
2024-04-19 12:00:00|397742.70833334|dal
2024-04-19 13:00:00|398093.5|dal
2024-04-19 14:00:00|398444.29166667|dal
2024-04-19 15:00:00|398795.08333334|dal
2024-04-19 16:00:00|399145.875|dal
2024-04-19 17:00:00|399496.66666667|dal
2024-04-19 18:00:00|399847.45833334|dal
2024-04-19 19:00:00|400226.5|dal
2024-04-19 20:00:00|400577.29166667|dal
2024-04-19 21:00:00|400928.08333334|dal
2024-04-19 22:00:00|401307.125|dal
2024-04-19 23:00:00|401657.91666667|dal
2024-04-20 00:00:00|402008.70833334|dal
2024-04-20 01:00:00|402387.75|dal
2024-04-20 02:00:00|402738.54166667|dal
2024-04-20 03:00:00|403089.33333334|dal
2024-04-20 04:00:00|403440.125|dal
2024-04-20 05:00:00|403819.16666667|dal
2024-04-20 06:00:00|404169.95833334|dal
2024-04-20 07:00:00|404520.75|dal
2024-04-20 08:00:00|404871.54166667|dal
2024-04-20 09:00:00|405250.58333334|dal
2024-04-20 10:00:00|405629.625|dal
2024-04-20 11:00:00|405980.41666667|dal
2024-04-20 12:00:00|406331.20833334|dal
2024-04-20 13:00:00|406682|dal
2024-04-20 14:00:00|407061.04166667|dal
2024-04-20 15:00:00|407440.08333334|dal
2024-04-20 16:00:00|407819.12500001|dal
2024-04-20 17:00:00|408198.16666667|dal
2024-04-20 18:00:00|408548.95833334|dal
2024-04-20 19:00:00|408899.75000001|dal
2024-04-20 20:00:00|409250.54166667|dal
2024-04-20 21:00:00|409601.33333334|dal
2024-04-20 22:00:00|409980.37500001|dal
2024-04-20 23:00:00|410359.41666667|dal
2024-04-21 00:00:00|410710.20833334|dal
2024-04-21 01:00:00|411089.25000001|dal
2024-04-21 02:00:00|411440.04166667|dal
2024-04-21 03:00:00|411790.83333334|dal
2024-04-21 04:00:00|412141.62500001|dal
2024-04-21 05:00:00|412520.66666667|dal
2024-04-21 06:00:00|412871.45833334|dal
2024-04-21 07:00:00|413222.25000001|dal
2024-04-21 08:00:00|413601.29166667|dal
2024-04-21 09:00:00|413952.08333334|dal
2024-04-21 10:00:00|414302.87500001|dal
2024-04-21 11:00:00|414653.66666667|dal
2024-04-21 12:00:00|415004.45833334|dal
2024-04-21 13:00:00|415355.25000001|dal
2024-04-21 14:00:00|415706.04166667|dal
2024-04-21 15:00:00|416056.83333334|dal
2024-04-21 16:00:00|416435.87500001|dal
2024-04-21 17:00:00|416786.66666667|dal
2024-04-21 18:00:00|417165.70833334|dal
2024-04-21 19:00:00|417544.75000001|dal
2024-04-21 20:00:00|417895.54166667|dal
2024-04-21 21:00:00|418246.33333334|dal
2024-04-21 22:00:00|418625.37500001|dal
2024-04-21 23:00:00|418976.16666667|dal
2024-04-22 00:00:00|419326.95833334|dal
2024-04-22 01:00:00|419706.00000001|dal
2024-04-22 02:00:00|420056.79166667|dal
2024-04-22 03:00:00|420407.58333334|dal
2024-04-22 04:00:00|420758.37500001|dal
2024-04-22 05:00:00|421109.16666667|dal
2024-04-22 06:00:00|421459.95833334|dal
2024-04-22 07:00:00|421810.75000001|dal
2024-04-22 08:00:00|422161.54166667|dal
2024-04-22 09:00:00|422512.33333334|dal
2024-04-22 10:00:00|422863.12500001|dal
2024-04-22 11:00:00|423242.16666667|dal
2024-04-22 12:00:00|423621.20833334|dal
2024-04-22 13:00:00|424000.25000001|dal
2024-04-22 14:00:00|424351.04166667|dal
2024-04-22 15:00:00|424701.83333334|dal
2024-04-22 16:00:00|425052.62500001|dal
2024-04-22 17:00:00|425403.41666667|dal
2024-04-22 18:00:00|425754.20833334|dal
2024-04-22 19:00:00|426133.25000001|dal
2024-04-22 20:00:00|426512.29166667|dal
2024-04-22 21:00:00|426863.08333334|dal
2024-04-22 22:00:00|427242.12500001|dal
2024-04-22 23:00:00|427592.91666667|dal
2024-04-23 00:00:00|427971.95833334|dal
2024-04-23 01:00:00|428322.75000001|dal
2024-04-23 02:00:00|428673.54166667|dal
2024-04-23 03:00:00|429024.33333334|dal
2024-04-23 04:00:00|429375.12500001|dal
2024-04-23 05:00:00|429754.16666667|dal
2024-04-23 06:00:00|430133.20833334|dal
2024-04-23 07:00:00|430484.00000001|dal
2024-04-23 08:00:00|430863.04166667|dal
2024-04-23 09:00:00|431213.83333334|dal
2024-04-23 10:00:00|431592.87500001|dal
2024-04-23 11:00:00|431943.66666667|dal
2024-04-23 12:00:00|432322.70833334|dal
2024-04-23 13:00:00|432673.50000001|dal
2024-04-23 14:00:00|433052.54166667|dal
2024-04-23 15:00:00|433431.58333334|dal
2024-04-23 16:00:00|433810.62500001|dal
2024-04-23 17:00:00|434189.66666667|dal
2024-04-23 18:00:00|434568.70833334|dal
2024-04-23 19:00:00|434919.50000001|dal
2024-04-23 20:00:00|435270.29166667|dal
2024-04-23 21:00:00|435621.08333334|dal
2024-04-23 22:00:00|435971.87500001|dal
2024-04-23 23:00:00|436322.66666667|dal
2024-04-24 00:00:00|436701.70833334|dal
2024-04-24 01:00:00|437080.75000001|dal
2024-04-24 02:00:00|437459.79166667|dal
2024-04-24 03:00:00|437838.83333334|dal
2024-04-24 04:00:00|438217.87500001|dal
2024-04-24 05:00:00|438568.66666667|dal
2024-04-24 06:00:00|438919.45833334|dal
2024-04-24 07:00:00|439298.50000001|dal
2024-04-24 08:00:00|439677.54166667|dal
2024-04-24 09:00:00|440056.58333334|dal
2024-04-24 10:00:00|440407.37500001|dal
2024-04-24 11:00:00|440758.16666667|dal
2024-04-24 12:00:00|441137.20833334|dal
2024-04-24 13:00:00|441488.00000001|dal
2024-04-24 14:00:00|441867.04166667|dal
2024-04-24 15:00:00|442246.08333334|dal
2024-04-24 16:00:00|442596.87500001|dal
2024-04-24 17:00:00|442947.66666667|dal
2024-04-24 18:00:00|443298.45833334|dal
2024-04-24 19:00:00|443677.50000001|dal
2024-04-24 20:00:00|444056.54166667|dal
2024-04-24 21:00:00|444435.58333334|dal
2024-04-24 22:00:00|444786.37500001|dal
2024-04-24 23:00:00|445165.41666667|dal
2024-04-25 00:00:00|445544.45833334|dal
2024-04-25 01:00:00|445923.50000001|dal
2024-04-25 02:00:00|446274.29166667|dal
2024-04-25 03:00:00|446625.08333334|dal
2024-04-25 04:00:00|447004.12500001|dal
2024-04-25 05:00:00|447383.16666667|dal
2024-04-25 06:00:00|447762.20833334|dal
2024-04-25 07:00:00|448113.00000001|dal
2024-04-25 08:00:00|448492.04166667|dal
2024-04-25 09:00:00|448871.08333334|dal
2024-04-25 10:00:00|449250.12500001|dal
2024-04-25 11:00:00|449629.16666667|dal
2024-04-25 12:00:00|450008.20833334|dal
2024-04-25 13:00:00|450359.00000001|dal
2024-04-25 14:00:00|450738.04166667|dal
2024-04-25 15:00:00|451088.83333334|dal
2024-04-25 16:00:00|451439.62500001|dal
2024-04-25 17:00:00|451818.66666667|dal
2024-04-25 18:00:00|452197.70833334|dal
2024-04-25 19:00:00|452576.75000001|dal
2024-04-25 20:00:00|452927.54166667|dal
2024-04-25 21:00:00|453306.58333334|dal
2024-04-25 22:00:00|453685.62500001|dal
2024-04-25 23:00:00|454036.41666667|dal
2024-04-26 00:00:00|454387.20833334|dal
2024-04-26 01:00:00|454766.25000001|dal
2024-04-26 02:00:00|455145.29166667|dal
2024-04-26 03:00:00|455524.33333334|dal
2024-04-26 04:00:00|455903.37500001|dal
2024-04-26 05:00:00|456282.41666667|dal
2024-04-26 06:00:00|456661.45833334|dal
2024-04-26 07:00:00|457040.50000001|dal
2024-04-26 08:00:00|457419.54166667|dal
2024-04-26 09:00:00|457798.58333334|dal
2024-04-26 10:00:00|458177.62500001|dal
2024-04-26 11:00:00|458528.41666667|dal
2024-04-26 12:00:00|458907.45833334|dal
2024-04-26 13:00:00|459258.25000001|dal
2024-04-26 14:00:00|459609.04166667|dal
2024-04-26 15:00:00|459959.83333334|dal
2024-04-26 16:00:00|460310.62500001|dal
2024-04-26 17:00:00|460689.66666667|dal
2024-04-26 18:00:00|461040.45833334|dal
2024-04-26 19:00:00|461419.50000001|dal
2024-04-26 20:00:00|461798.54166667|dal
2024-04-26 21:00:00|462177.58333334|dal
2024-04-26 22:00:00|462528.37500001|dal
2024-04-26 23:00:00|462907.41666667|dal
2024-04-27 00:00:00|463286.45833334|dal
2024-04-27 01:00:00|463665.50000001|dal
2024-04-27 02:00:00|464044.54166667|dal
2024-04-27 03:00:00|464423.58333334|dal
2024-04-27 04:00:00|464774.37500001|dal
2024-04-27 05:00:00|465125.16666667|dal
2024-04-27 06:00:00|465475.95833334|dal
2024-04-27 07:00:00|465855.00000001|dal
2024-04-27 08:00:00|466205.79166667|dal
2024-04-27 09:00:00|466584.83333334|dal
2024-04-27 10:00:00|466963.87500001|dal
2024-04-27 11:00:00|467314.66666667|dal
2024-04-27 12:00:00|467665.45833334|dal
2024-04-27 13:00:00|468016.25000001|dal
2024-04-27 14:00:00|468395.29166667|dal
2024-04-27 15:00:00|468746.08333334|dal
2024-04-27 16:00:00|469125.12500001|dal
2024-04-27 17:00:00|469475.91666667|dal
2024-04-27 18:00:00|469854.95833334|dal
2024-04-27 19:00:00|470234.00000001|dal
2024-04-27 20:00:00|470584.79166668|dal
2024-04-27 21:00:00|470963.83333334|dal
2024-04-27 22:00:00|471314.62500001|dal
2024-04-27 23:00:00|471693.66666668|dal
2024-04-28 00:00:00|472044.45833334|dal
2024-04-28 01:00:00|472423.50000001|dal
2024-04-28 02:00:00|472802.54166668|dal
2024-04-28 03:00:00|473153.33333334|dal
2024-04-28 04:00:00|473504.12500001|dal
2024-04-28 05:00:00|473883.16666668|dal
2024-04-28 06:00:00|474262.20833334|dal
2024-04-28 07:00:00|474641.25000001|dal
2024-04-28 08:00:00|475020.29166668|dal
2024-04-28 09:00:00|475399.33333334|dal
2024-04-28 10:00:00|475750.12500001|dal
2024-04-28 11:00:00|476100.91666668|dal
2024-04-28 12:00:00|476451.70833334|dal
2024-04-28 13:00:00|476802.50000001|dal
2024-04-28 14:00:00|477181.54166668|dal
2024-04-28 15:00:00|477560.58333334|dal
2024-04-28 16:00:00|477939.62500001|dal
2024-04-28 17:00:00|478290.41666668|dal
2024-04-28 18:00:00|478641.20833334|dal
2024-04-28 19:00:00|479020.25000001|dal
2024-04-28 20:00:00|479399.29166668|dal
2024-04-28 21:00:00|479750.08333334|dal
2024-04-28 22:00:00|480129.12500001|dal
2024-04-28 23:00:00|480508.16666668|dal
2024-04-29 00:00:00|480858.95833334|dal
2024-04-29 01:00:00|481209.75000001|dal
2024-04-29 02:00:00|481588.79166668|dal
2024-04-29 03:00:00|481939.58333334|dal
2024-04-29 04:00:00|482290.37500001|dal
2024-04-29 05:00:00|482641.16666668|dal
2024-04-29 06:00:00|483020.20833334|dal
2024-04-29 07:00:00|483371.00000001|dal
2024-04-29 08:00:00|483721.79166668|dal
2024-04-29 09:00:00|484100.83333334|dal
2024-04-29 10:00:00|484451.62500001|dal
2024-04-29 11:00:00|484802.41666668|dal
2024-04-29 12:00:00|485181.45833334|dal
2024-04-29 13:00:00|485560.50000001|dal
2024-04-29 14:00:00|485911.29166668|dal
2024-04-29 15:00:00|486290.33333334|dal
2024-04-29 16:00:00|486669.37500001|dal
2024-04-29 17:00:00|487020.16666668|dal
2024-04-29 18:00:00|487370.95833334|dal
2024-04-29 19:00:00|487750.00000001|dal
2024-04-29 20:00:00|488129.04166668|dal
2024-04-29 21:00:00|488479.83333334|dal
2024-04-29 22:00:00|488830.62500001|dal
2024-04-29 23:00:00|489181.41666668|dal
2024-04-30 00:00:00|489532.20833334|dal
2024-04-30 01:00:00|489911.25000001|dal
2024-04-30 02:00:00|490262.04166668|dal
2024-04-30 03:00:00|490641.08333334|dal
2024-04-30 04:00:00|490991.87500001|dal
2024-04-30 05:00:00|491370.91666668|dal
2024-04-30 06:00:00|491749.95833334|dal
2024-04-30 07:00:00|492100.75000001|dal
2024-04-30 08:00:00|492479.79166668|dal
2024-04-30 09:00:00|492858.83333334|dal
2024-04-30 10:00:00|493237.87500001|dal
2024-04-30 11:00:00|493616.91666668|dal
2024-04-30 12:00:00|493995.95833334|dal
2024-04-30 13:00:00|494375.00000001|dal
2024-04-30 14:00:00|494725.79166668|dal
2024-04-30 15:00:00|495076.58333334|dal
2024-04-30 16:00:00|495427.37500001|dal
2024-04-30 17:00:00|495778.16666668|dal
2024-04-30 18:00:00|496157.20833334|dal
2024-04-30 19:00:00|496536.25000001|dal
2024-04-30 20:00:00|496915.29166668|dal
2024-04-30 21:00:00|497266.08333334|dal
2024-04-30 22:00:00|497645.12500001|dal
2024-04-30 23:00:00|498024.16666668|dal
2024-05-01 00:00:00|498374.95833334|dal
2024-05-01 01:00:00|498754.00000001|dal
2024-05-01 02:00:00|499133.04166668|dal
2024-05-01 03:00:00|499483.83333334|dal
2024-05-01 04:00:00|499834.62500001|dal
2024-05-01 05:00:00|500185.41666668|dal
2024-05-01 06:00:00|500564.45833334|dal
2024-05-01 07:00:00|500943.50000001|dal
2024-05-01 08:00:00|501294.29166668|dal
2024-05-01 09:00:00|501673.33333334|dal
2024-05-01 10:00:00|502024.12500001|dal
2024-05-01 11:00:00|502403.16666668|dal
2024-05-01 12:00:00|502753.95833334|dal
2024-05-01 13:00:00|503133.00000001|dal
2024-05-01 14:00:00|503483.79166668|dal
2024-05-01 15:00:00|503834.58333334|dal
2024-05-01 16:00:00|504213.62500001|dal
2024-05-01 17:00:00|504564.41666668|dal
2024-05-01 18:00:00|504943.45833334|dal
2024-05-01 19:00:00|505322.50000001|dal
2024-05-01 20:00:00|505701.54166668|dal
2024-05-01 21:00:00|506052.33333334|dal
2024-05-01 22:00:00|506431.37500001|dal
2024-05-01 23:00:00|506810.41666668|dal
2024-05-02 00:00:00|507161.20833334|dal
2024-05-02 01:00:00|507540.25000001|dal
2024-05-02 02:00:00|507891.04166668|dal
2024-05-02 03:00:00|508241.83333334|dal
2024-05-02 04:00:00|508620.87500001|dal
2024-05-02 05:00:00|508999.91666668|dal
2024-05-02 06:00:00|509350.70833334|dal
2024-05-02 07:00:00|509729.75000001|dal
2024-05-02 08:00:00|510108.79166668|dal
2024-05-02 09:00:00|510459.58333334|dal
2024-05-02 10:00:00|510838.62500001|dal
2024-05-02 11:00:00|511217.66666668|dal
2024-05-02 12:00:00|511596.70833334|dal
2024-05-02 13:00:00|511947.50000001|dal
2024-05-02 14:00:00|512298.29166668|dal
2024-05-02 15:00:00|512649.08333334|dal
2024-05-02 16:00:00|513028.12500001|dal
2024-05-02 17:00:00|513407.16666668|dal
2024-05-02 18:00:00|513757.95833334|dal
2024-05-02 19:00:00|514137.00000001|dal
2024-05-02 20:00:00|514516.04166668|dal
2024-05-02 21:00:00|514895.08333334|dal
2024-05-02 22:00:00|515274.12500001|dal
2024-05-02 23:00:00|515624.91666668|dal
2024-05-03 00:00:00|515975.70833334|dal
2024-05-03 01:00:00|516354.75000001|dal
2024-05-03 02:00:00|516705.54166668|dal
2024-05-03 03:00:00|517056.33333334|dal
2024-05-03 04:00:00|517407.12500001|dal
2024-05-03 05:00:00|517786.16666668|dal
2024-05-03 06:00:00|518165.20833334|dal
2024-05-03 07:00:00|518544.25000001|dal
2024-05-03 08:00:00|518895.04166668|dal
2024-05-03 09:00:00|519274.08333334|dal
2024-05-03 10:00:00|519653.12500001|dal
2024-05-03 11:00:00|520032.16666668|dal
2024-05-03 12:00:00|520382.95833334|dal
2024-05-03 13:00:00|520762.00000001|dal
2024-05-03 14:00:00|521141.04166668|dal
2024-05-03 15:00:00|521491.83333334|dal
2024-05-03 16:00:00|521870.87500001|dal
2024-05-03 17:00:00|522221.66666668|dal
2024-05-03 18:00:00|522572.45833334|dal
2024-05-03 19:00:00|522951.50000001|dal
2024-05-03 20:00:00|523302.29166668|dal
2024-05-03 21:00:00|523653.08333334|dal
2024-05-03 22:00:00|524003.87500001|dal
2024-05-03 23:00:00|524354.66666668|dal
2024-05-04 00:00:00|524733.70833334|dal
2024-05-04 01:00:00|525112.75000001|dal
2024-05-04 02:00:00|525463.54166668|dal
2024-05-04 03:00:00|525842.58333334|dal
2024-05-04 04:00:00|526193.37500001|dal
2024-05-04 05:00:00|526544.16666668|dal
2024-05-04 06:00:00|526923.20833334|dal
2024-05-04 07:00:00|527274.00000001|dal
2024-05-04 08:00:00|527624.79166668|dal
2024-05-04 09:00:00|527975.58333334|dal
2024-05-04 10:00:00|528326.37500001|dal
2024-05-04 11:00:00|528705.41666668|dal
2024-05-04 12:00:00|529084.45833334|dal
2024-05-04 13:00:00|529463.50000001|dal
2024-05-04 14:00:00|529814.29166668|dal
2024-05-04 15:00:00|530193.33333334|dal
2024-05-04 16:00:00|530544.12500001|dal
2024-05-04 17:00:00|530894.91666668|dal
2024-05-04 18:00:00|531245.70833334|dal
2024-05-04 19:00:00|531596.50000001|dal
2024-05-04 20:00:00|531947.29166668|dal
2024-05-04 21:00:00|532326.33333334|dal
2024-05-04 22:00:00|532677.12500001|dal
2024-05-04 23:00:00|533056.16666668|dal
2024-05-05 00:00:00|533435.20833334|dal
2024-05-05 01:00:00|533786.00000001|dal
2024-05-05 02:00:00|534165.04166668|dal
2024-05-05 03:00:00|534515.83333334|dal
2024-05-05 04:00:00|534866.62500001|dal
2024-05-05 05:00:00|535245.66666668|dal
2024-05-05 06:00:00|535624.70833334|dal
2024-05-05 07:00:00|535975.50000001|dal
2024-05-05 08:00:00|536354.54166668|dal
2024-05-05 09:00:00|536705.33333334|dal
2024-05-05 10:00:00|537084.37500001|dal
2024-05-05 11:00:00|537435.16666668|dal
2024-05-05 12:00:00|537785.95833334|dal
2024-05-05 13:00:00|538136.75000001|dal
2024-05-05 14:00:00|538515.79166668|dal
2024-05-05 15:00:00|538894.83333334|dal
2024-05-05 16:00:00|539245.62500001|dal
2024-05-05 17:00:00|539596.41666668|dal
2024-05-05 18:00:00|539947.20833334|dal
2024-05-05 19:00:00|540326.25000001|dal
2024-05-05 20:00:00|540677.04166668|dal
2024-05-05 21:00:00|541027.83333334|dal
2024-05-05 22:00:00|541406.87500001|dal
2024-05-05 23:00:00|541757.66666668|dal
2024-05-06 00:00:00|542108.45833334|dal
2024-05-06 01:00:00|542487.50000001|dal
2024-05-06 02:00:00|542866.54166668|dal
2024-05-06 03:00:00|543245.58333334|dal
2024-05-06 04:00:00|543624.62500001|dal
2024-05-06 05:00:00|544003.66666668|dal
2024-05-06 06:00:00|544354.45833334|dal
2024-05-06 07:00:00|544705.25000001|dal
2024-05-06 08:00:00|545084.29166668|dal
2024-05-06 09:00:00|545463.33333334|dal
2024-05-06 10:00:00|545842.37500001|dal
2024-05-06 11:00:00|546221.41666668|dal
2024-05-06 12:00:00|546572.20833334|dal
2024-05-06 13:00:00|546923.00000001|dal
2024-05-06 14:00:00|547273.79166668|dal
2024-05-06 15:00:00|547624.58333334|dal
2024-05-06 16:00:00|547975.37500001|dal
2024-05-06 17:00:00|548326.16666668|dal
2024-05-06 18:00:00|548705.20833334|dal
2024-05-06 19:00:00|549056.00000001|dal
2024-05-06 20:00:00|549406.79166668|dal
2024-05-06 21:00:00|549757.58333334|dal
2024-05-06 22:00:00|550108.37500001|dal
2024-05-06 23:00:00|550459.16666668|dal
2024-05-07 00:00:00|550838.20833334|dal
2024-05-07 01:00:00|551189.00000001|dal
